{
  "AERSP.PDF": "../assets/flow-charts/AERSP.pdf",
  "BE": "../assets/flow-charts/BE-natural-resource-option.pdf",
  "BME": "../assets/flow-charts/BME-Biochemical-Option1.pdf",
  "CHE.PDF": "../assets/flow-charts/CHE.pdf",
  "CE.PDF": "../assets/flow-charts/CE.pdf",
  "CMPEN.PDF": "../assets/flow-charts/CMPEN.pdf",
  "CMPSC": "../assets/flow-charts/CMPSC-2026.pdf",
  "EE.PDF": "../assets/flow-charts/EE.pdf",
  "EMET.PDF": "../assets/flow-charts/EMET.pdf",
  "ESC.PDF": "../assets/flow-charts/ESC.pdf",
  "ESC": "../assets/flow-charts/ESC-pre-med.pdf",
  "GE": "../assets/flow-charts/GE-multi-engr-option-brandywine.pdf",
  "IE.PDF": "../assets/flow-charts/IE.pdf",
  "IE": "../assets/flow-charts/IE---SSE-Option-2025-Vizio.pdf",
  "SURE.PDF": "../assets/flow-charts/SURE.pdf",
  "CMPSC.PDF": "../assets/flow-charts/CMPSC.pdf"
}